{"GameInformation":[{"m_Type":"MonoBehaviour","m_Name":"Base","m_MetaFlag":0,"m_Level":0},{"m_Type":"PPtr\u003CGameObject\u003E","m_Name":"m_GameObject","m_MetaFlag":0,"m_Level":1},{"m_Type":"int","m_Name":"m_FileID","m_MetaFlag":0,"m_Level":2},{"m_Type":"SInt64","m_Name":"m_PathID","m_MetaFlag":0,"m_Level":2},{"m_Type":"UInt8","m_Name":"m_Enabled","m_MetaFlag":16384,"m_Level":1},{"m_Type":"PPtr\u003CMonoScript\u003E","m_Name":"m_Script","m_MetaFlag":0,"m_Level":1},{"m_Type":"int","m_Name":"m_FileID","m_MetaFlag":0,"m_Level":2},{"m_Type":"SInt64","m_Name":"m_PathID","m_MetaFlag":0,"m_Level":2},{"m_Type":"string","m_Name":"m_Name","m_MetaFlag":0,"m_Level":1},{"m_Type":"Array","m_Name":"Array","m_MetaFlag":16384,"m_Level":2},{"m_Type":"int","m_Name":"size","m_MetaFlag":0,"m_Level":3},{"m_Type":"char","m_Name":"data","m_MetaFlag":0,"m_Level":3},{"m_Type":"bool","m_Name":"isGameServiceAvailable","m_MetaFlag":16384,"m_Level":1},{"m_Type":"bool","m_Name":"canConnectGoogle","m_MetaFlag":16384,"m_Level":1},{"m_Type":"bool","m_Name":"ifUserLogin","m_MetaFlag":16384,"m_Level":1},{"m_Type":"LevelStartInfo","m_Name":"levelStartInfo","m_MetaFlag":0,"m_Level":1},{"m_Type":"string","m_Name":"songsId","m_MetaFlag":0,"m_Level":2},{"m_Type":"Array","m_Name":"Array","m_MetaFlag":16384,"m_Level":3},{"m_Type":"int","m_Name":"size","m_MetaFlag":0,"m_Level":4},{"m_Type":"char","m_Name":"data","m_MetaFlag":0,"m_Level":4},{"m_Type":"string","m_Name":"songsName","m_MetaFlag":0,"m_Level":2},{"m_Type":"Array","m_Name":"Array","m_MetaFlag":16384,"m_Level":3},{"m_Type":"int","m_Name":"size","m_MetaFlag":0,"m_Level":4},{"m_Type":"char","m_Name":"data","m_MetaFlag":0,"m_Level":4},{"m_Type":"string","m_Name":"composer","m_MetaFlag":0,"m_Level":2},{"m_Type":"Array","m_Name":"Array","m_MetaFlag":16384,"m_Level":3},{"m_Type":"int","m_Name":"size","m_MetaFlag":0,"m_Level":4},{"m_Type":"char","m_Name":"data","m_MetaFlag":0,"m_Level":4},{"m_Type":"string","m_Name":"charter","m_MetaFlag":0,"m_Level":2},{"m_Type":"Array","m_Name":"Array","m_MetaFlag":16384,"m_Level":3},{"m_Type":"int","m_Name":"size","m_MetaFlag":0,"m_Level":4},{"m_Type":"char","m_Name":"data","m_MetaFlag":0,"m_Level":4},{"m_Type":"string","m_Name":"illustrator","m_MetaFlag":0,"m_Level":2},{"m_Type":"Array","m_Name":"Array","m_MetaFlag":16384,"m_Level":3},{"m_Type":"int","m_Name":"size","m_MetaFlag":0,"m_Level":4},{"m_Type":"char","m_Name":"data","m_MetaFlag":0,"m_Level":4},{"m_Type":"string","m_Name":"songsLevel","m_MetaFlag":0,"m_Level":2},{"m_Type":"Array","m_Name":"Array","m_MetaFlag":16384,"m_Level":3},{"m_Type":"int","m_Name":"size","m_MetaFlag":0,"m_Level":4},{"m_Type":"char","m_Name":"data","m_MetaFlag":0,"m_Level":4},{"m_Type":"string","m_Name":"songsDifficulty","m_MetaFlag":0,"m_Level":2},{"m_Type":"Array","m_Name":"Array","m_MetaFlag":16384,"m_Level":3},{"m_Type":"int","m_Name":"size","m_MetaFlag":0,"m_Level":4},{"m_Type":"char","m_Name":"data","m_MetaFlag":0,"m_Level":4},{"m_Type":"string","m_Name":"musicAddressableKey","m_MetaFlag":0,"m_Level":2},{"m_Type":"Array","m_Name":"Array","m_MetaFlag":16384,"m_Level":3},{"m_Type":"int","m_Name":"size","m_MetaFlag":0,"m_Level":4},{"m_Type":"char","m_Name":"data","m_MetaFlag":0,"m_Level":4},{"m_Type":"string","m_Name":"chartAddressableKey","m_MetaFlag":0,"m_Level":2},{"m_Type":"Array","m_Name":"Array","m_MetaFlag":16384,"m_Level":3},{"m_Type":"int","m_Name":"size","m_MetaFlag":0,"m_Level":4},{"m_Type":"char","m_Name":"data","m_MetaFlag":0,"m_Level":4},{"m_Type":"string","m_Name":"illustrationKey","m_MetaFlag":0,"m_Level":2},{"m_Type":"Array","m_Name":"Array","m_MetaFlag":16384,"m_Level":3},{"m_Type":"int","m_Name":"size","m_MetaFlag":0,"m_Level":4},{"m_Type":"char","m_Name":"data","m_MetaFlag":0,"m_Level":4},{"m_Type":"List\u00601","m_Name":"judgeLineImages","m_MetaFlag":0,"m_Level":2},{"m_Type":"Array","m_Name":"Array","m_MetaFlag":0,"m_Level":3},{"m_Type":"int","m_Name":"size","m_MetaFlag":0,"m_Level":4},{"m_Type":"JudgeLineImage","m_Name":"data","m_MetaFlag":0,"m_Level":4},{"m_Type":"SInt32","m_Name":"judgeLineIndex","m_MetaFlag":0,"m_Level":5},{"m_Type":"PPtr\u003CSprite\u003E","m_Name":"image","m_MetaFlag":0,"m_Level":5},{"m_Type":"int","m_Name":"m_FileID","m_MetaFlag":0,"m_Level":6},{"m_Type":"SInt64","m_Name":"m_PathID","m_MetaFlag":0,"m_Level":6},{"m_Type":"List\u00601","m_Name":"levelMods","m_MetaFlag":0,"m_Level":2},{"m_Type":"Array","m_Name":"Array","m_MetaFlag":0,"m_Level":3},{"m_Type":"int","m_Name":"size","m_MetaFlag":0,"m_Level":4},{"m_Type":"string","m_Name":"data","m_MetaFlag":0,"m_Level":4},{"m_Type":"Array","m_Name":"Array","m_MetaFlag":16384,"m_Level":5},{"m_Type":"int","m_Name":"size","m_MetaFlag":0,"m_Level":6},{"m_Type":"char","m_Name":"data","m_MetaFlag":0,"m_Level":6},{"m_Type":"LevelResultInfo","m_Name":"levelResultInfo","m_MetaFlag":0,"m_Level":1},{"m_Type":"SInt32","m_Name":"perfect","m_MetaFlag":0,"m_Level":2},{"m_Type":"SInt32","m_Name":"good","m_MetaFlag":0,"m_Level":2},{"m_Type":"SInt32","m_Name":"bad","m_MetaFlag":0,"m_Level":2},{"m_Type":"SInt32","m_Name":"miss","m_MetaFlag":0,"m_Level":2},{"m_Type":"SInt32","m_Name":"early","m_MetaFlag":0,"m_Level":2},{"m_Type":"SInt32","m_Name":"late","m_MetaFlag":0,"m_Level":2},{"m_Type":"SInt32","m_Name":"maxCombo","m_MetaFlag":0,"m_Level":2},{"m_Type":"float","m_Name":"screenW","m_MetaFlag":0,"m_Level":1},{"m_Type":"float","m_Name":"screenH","m_MetaFlag":0,"m_Level":1},{"m_Type":"bool","m_Name":"stopBeforeBegan","m_MetaFlag":16384,"m_Level":1},{"m_Type":"PPtr\u003CGameObject\u003E","m_Name":"background","m_MetaFlag":0,"m_Level":1},{"m_Type":"int","m_Name":"m_FileID","m_MetaFlag":0,"m_Level":2},{"m_Type":"SInt64","m_Name":"m_PathID","m_MetaFlag":0,"m_Level":2},{"m_Type":"PPtr\u003CRawImage\u003E","m_Name":"sceneSwitchMask","m_MetaFlag":0,"m_Level":1},{"m_Type":"int","m_Name":"m_FileID","m_MetaFlag":0,"m_Level":2},{"m_Type":"SInt64","m_Name":"m_PathID","m_MetaFlag":0,"m_Level":2},{"m_Type":"List\u00601","m_Name":"noteCodes","m_MetaFlag":0,"m_Level":1},{"m_Type":"Array","m_Name":"Array","m_MetaFlag":0,"m_Level":2},{"m_Type":"int","m_Name":"size","m_MetaFlag":0,"m_Level":3},{"m_Type":"float","m_Name":"data","m_MetaFlag":0,"m_Level":3},{"m_Type":"SInt32","m_Name":"nowChallengeIndex","m_MetaFlag":0,"m_Level":1},{"m_Type":"List\u00601","m_Name":"challengeSongItems","m_MetaFlag":0,"m_Level":1},{"m_Type":"Array","m_Name":"Array","m_MetaFlag":0,"m_Level":2},{"m_Type":"int","m_Name":"size","m_MetaFlag":0,"m_Level":3},{"m_Type":"ChallengeSongItem","m_Name":"data","m_MetaFlag":0,"m_Level":3},{"m_Type":"SongSelectorItem","m_Name":"songInfo","m_MetaFlag":0,"m_Level":4},{"m_Type":"SongsItem","m_Name":"songInfo","m_MetaFlag":0,"m_Level":5},{"m_Type":"string","m_Name":"songsId","m_MetaFlag":0,"m_Level":6},{"m_Type":"Array","m_Name":"Array","m_MetaFlag":16384,"m_Level":7},{"m_Type":"int","m_Name":"size","m_MetaFlag":0,"m_Level":8},{"m_Type":"char","m_Name":"data","m_MetaFlag":0,"m_Level":8},{"m_Type":"string","m_Name":"songsKey","m_MetaFlag":0,"m_Level":6},{"m_Type":"Array","m_Name":"Array","m_MetaFlag":16384,"m_Level":7},{"m_Type":"int","m_Name":"size","m_MetaFlag":0,"m_Level":8},{"m_Type":"char","m_Name":"data","m_MetaFlag":0,"m_Level":8},{"m_Type":"string","m_Name":"songsName","m_MetaFlag":0,"m_Level":6},{"m_Type":"Array","m_Name":"Array","m_MetaFlag":16384,"m_Level":7},{"m_Type":"int","m_Name":"size","m_MetaFlag":0,"m_Level":8},{"m_Type":"char","m_Name":"data","m_MetaFlag":0,"m_Level":8},{"m_Type":"string","m_Name":"songsTitle","m_MetaFlag":0,"m_Level":6},{"m_Type":"Array","m_Name":"Array","m_MetaFlag":16384,"m_Level":7},{"m_Type":"int","m_Name":"size","m_MetaFlag":0,"m_Level":8},{"m_Type":"char","m_Name":"data","m_MetaFlag":0,"m_Level":8},{"m_Type":"Single[]","m_Name":"difficulty","m_MetaFlag":0,"m_Level":6},{"m_Type":"Array","m_Name":"Array","m_MetaFlag":0,"m_Level":7},{"m_Type":"int","m_Name":"size","m_MetaFlag":0,"m_Level":8},{"m_Type":"float","m_Name":"data","m_MetaFlag":0,"m_Level":8},{"m_Type":"string","m_Name":"illustrator","m_MetaFlag":0,"m_Level":6},{"m_Type":"Array","m_Name":"Array","m_MetaFlag":16384,"m_Level":7},{"m_Type":"int","m_Name":"size","m_MetaFlag":0,"m_Level":8},{"m_Type":"char","m_Name":"data","m_MetaFlag":0,"m_Level":8},{"m_Type":"String[]","m_Name":"charter","m_MetaFlag":0,"m_Level":6},{"m_Type":"Array","m_Name":"Array","m_MetaFlag":0,"m_Level":7},{"m_Type":"int","m_Name":"size","m_MetaFlag":0,"m_Level":8},{"m_Type":"string","m_Name":"data","m_MetaFlag":0,"m_Level":8},{"m_Type":"Array","m_Name":"Array","m_MetaFlag":16384,"m_Level":9},{"m_Type":"int","m_Name":"size","m_MetaFlag":0,"m_Level":10},{"m_Type":"char","m_Name":"data","m_MetaFlag":0,"m_Level":10},{"m_Type":"string","m_Name":"composer","m_MetaFlag":0,"m_Level":6},{"m_Type":"Array","m_Name":"Array","m_MetaFlag":16384,"m_Level":7},{"m_Type":"int","m_Name":"size","m_MetaFlag":0,"m_Level":8},{"m_Type":"char","m_Name":"data","m_MetaFlag":0,"m_Level":8},{"m_Type":"String[]","m_Name":"levels","m_MetaFlag":0,"m_Level":6},{"m_Type":"Array","m_Name":"Array","m_MetaFlag":0,"m_Level":7},{"m_Type":"int","m_Name":"size","m_MetaFlag":0,"m_Level":8},{"m_Type":"string","m_Name":"data","m_MetaFlag":0,"m_Level":8},{"m_Type":"Array","m_Name":"Array","m_MetaFlag":16384,"m_Level":9},{"m_Type":"int","m_Name":"size","m_MetaFlag":0,"m_Level":10},{"m_Type":"char","m_Name":"data","m_MetaFlag":0,"m_Level":10},{"m_Type":"float","m_Name":"previewTime","m_MetaFlag":0,"m_Level":6},{"m_Type":"float","m_Name":"previewEndTime","m_MetaFlag":0,"m_Level":6},{"m_Type":"ChartUnlock[]","m_Name":"unlockInfo","m_MetaFlag":0,"m_Level":6},{"m_Type":"Array","m_Name":"Array","m_MetaFlag":0,"m_Level":7},{"m_Type":"int","m_Name":"size","m_MetaFlag":0,"m_Level":8},{"m_Type":"ChartUnlock","m_Name":"data","m_MetaFlag":0,"m_Level":8},{"m_Type":"SInt32","m_Name":"unlockType","m_MetaFlag":0,"m_Level":9},{"m_Type":"List\u00601","m_Name":"unlockInfo","m_MetaFlag":0,"m_Level":9},{"m_Type":"Array","m_Name":"Array","m_MetaFlag":0,"m_Level":10},{"m_Type":"int","m_Name":"size","m_MetaFlag":0,"m_Level":11},{"m_Type":"string","m_Name":"data","m_MetaFlag":0,"m_Level":11},{"m_Type":"Array","m_Name":"Array","m_MetaFlag":16384,"m_Level":12},{"m_Type":"int","m_Name":"size","m_MetaFlag":0,"m_Level":13},{"m_Type":"char","m_Name":"data","m_MetaFlag":0,"m_Level":13},{"m_Type":"List\u00601","m_Name":"levelMods","m_MetaFlag":0,"m_Level":6},{"m_Type":"Array","m_Name":"Array","m_MetaFlag":0,"m_Level":7},{"m_Type":"int","m_Name":"size","m_MetaFlag":0,"m_Level":8},{"m_Type":"LevelMods","m_Name":"data","m_MetaFlag":0,"m_Level":8},{"m_Type":"List\u00601","m_Name":"levelMods","m_MetaFlag":0,"m_Level":9},{"m_Type":"Array","m_Name":"Array","m_MetaFlag":0,"m_Level":10},{"m_Type":"int","m_Name":"size","m_MetaFlag":0,"m_Level":11},{"m_Type":"string","m_Name":"data","m_MetaFlag":0,"m_Level":11},{"m_Type":"Array","m_Name":"Array","m_MetaFlag":16384,"m_Level":12},{"m_Type":"int","m_Name":"size","m_MetaFlag":0,"m_Level":13},{"m_Type":"char","m_Name":"data","m_MetaFlag":0,"m_Level":13},{"m_Type":"bool","m_Name":"isCnLimited","m_MetaFlag":16384,"m_Level":6},{"m_Type":"bool","m_Name":"hasDifferentMusic","m_MetaFlag":16384,"m_Level":6},{"m_Type":"SInt32","m_Name":"differentMusic","m_MetaFlag":0,"m_Level":6},{"m_Type":"SInt32","m_Name":"previewClipDifficulty","m_MetaFlag":0,"m_Level":6},{"m_Type":"bool","m_Name":"hasDifferentCover","m_MetaFlag":16384,"m_Level":6},{"m_Type":"SInt32","m_Name":"differentCover","m_MetaFlag":0,"m_Level":6},{"m_Type":"SInt32","m_Name":"sortIndex","m_MetaFlag":0,"m_Level":5},{"m_Type":"List\u00601","m_Name":"records","m_MetaFlag":0,"m_Level":5},{"m_Type":"Array","m_Name":"Array","m_MetaFlag":0,"m_Level":6},{"m_Type":"int","m_Name":"size","m_MetaFlag":0,"m_Level":7},{"m_Type":"LevelRecord","m_Name":"data","m_MetaFlag":0,"m_Level":7},{"m_Type":"SInt32","m_Name":"s","m_MetaFlag":0,"m_Level":8},{"m_Type":"float","m_Name":"a","m_MetaFlag":0,"m_Level":8},{"m_Type":"SInt32","m_Name":"c","m_MetaFlag":0,"m_Level":8},{"m_Type":"SInt32","m_Name":"unlockType","m_MetaFlag":0,"m_Level":5},{"m_Type":"string","m_Name":"unlockInfo","m_MetaFlag":0,"m_Level":5},{"m_Type":"Array","m_Name":"Array","m_MetaFlag":16384,"m_Level":6},{"m_Type":"int","m_Name":"size","m_MetaFlag":0,"m_Level":7},{"m_Type":"char","m_Name":"data","m_MetaFlag":0,"m_Level":7},{"m_Type":"string","m_Name":"coverAssetCode","m_MetaFlag":0,"m_Level":5},{"m_Type":"Array","m_Name":"Array","m_MetaFlag":16384,"m_Level":6},{"m_Type":"int","m_Name":"size","m_MetaFlag":0,"m_Level":7},{"m_Type":"char","m_Name":"data","m_MetaFlag":0,"m_Level":7},{"m_Type":"string","m_Name":"coverBlurAssetCode","m_MetaFlag":0,"m_Level":5},{"m_Type":"Array","m_Name":"Array","m_MetaFlag":16384,"m_Level":6},{"m_Type":"int","m_Name":"size","m_MetaFlag":0,"m_Level":7},{"m_Type":"char","m_Name":"data","m_MetaFlag":0,"m_Level":7},{"m_Type":"PPtr\u003CSongListItem\u003E","m_Name":"selectorItemUpside","m_MetaFlag":0,"m_Level":5},{"m_Type":"int","m_Name":"m_FileID","m_MetaFlag":0,"m_Level":6},{"m_Type":"SInt64","m_Name":"m_PathID","m_MetaFlag":0,"m_Level":6},{"m_Type":"PPtr\u003CSongListItem\u003E","m_Name":"selectorItemDownside","m_MetaFlag":0,"m_Level":5},{"m_Type":"int","m_Name":"m_FileID","m_MetaFlag":0,"m_Level":6},{"m_Type":"SInt64","m_Name":"m_PathID","m_MetaFlag":0,"m_Level":6},{"m_Type":"bool","m_Name":"visible","m_MetaFlag":16384,"m_Level":5},{"m_Type":"PPtr\u003CAddressableImageLoaderWithLowResPreview\u003E","m_Name":"cover","m_MetaFlag":0,"m_Level":5},{"m_Type":"int","m_Name":"m_FileID","m_MetaFlag":0,"m_Level":6},{"m_Type":"SInt64","m_Name":"m_PathID","m_MetaFlag":0,"m_Level":6},{"m_Type":"PPtr\u003CRectTransform\u003E","m_Name":"coverRect","m_MetaFlag":0,"m_Level":5},{"m_Type":"int","m_Name":"m_FileID","m_MetaFlag":0,"m_Level":6},{"m_Type":"SInt64","m_Name":"m_PathID","m_MetaFlag":0,"m_Level":6},{"m_Type":"PPtr\u003CGameObject\u003E","m_Name":"background","m_MetaFlag":0,"m_Level":5},{"m_Type":"int","m_Name":"m_FileID","m_MetaFlag":0,"m_Level":6},{"m_Type":"SInt64","m_Name":"m_PathID","m_MetaFlag":0,"m_Level":6},{"m_Type":"PPtr\u003CAddressableImageLoader\u003E","m_Name":"backgroundImage","m_MetaFlag":0,"m_Level":5},{"m_Type":"int","m_Name":"m_FileID","m_MetaFlag":0,"m_Level":6},{"m_Type":"SInt64","m_Name":"m_PathID","m_MetaFlag":0,"m_Level":6},{"m_Type":"PPtr\u003CGameObject\u003E","m_Name":"lockMask","m_MetaFlag":0,"m_Level":5},{"m_Type":"int","m_Name":"m_FileID","m_MetaFlag":0,"m_Level":6},{"m_Type":"SInt64","m_Name":"m_PathID","m_MetaFlag":0,"m_Level":6},{"m_Type":"PPtr\u003CPreviewClipPlayer\u003E","m_Name":"previewClipPlayer","m_MetaFlag":0,"m_Level":5},{"m_Type":"int","m_Name":"m_FileID","m_MetaFlag":0,"m_Level":6},{"m_Type":"SInt64","m_Name":"m_PathID","m_MetaFlag":0,"m_Level":6},{"m_Type":"SInt32","m_Name":"levelIndex","m_MetaFlag":0,"m_Level":4},{"m_Type":"LevelResultInfo","m_Name":"result","m_MetaFlag":0,"m_Level":4},{"m_Type":"SInt32","m_Name":"perfect","m_MetaFlag":0,"m_Level":5},{"m_Type":"SInt32","m_Name":"good","m_MetaFlag":0,"m_Level":5},{"m_Type":"SInt32","m_Name":"bad","m_MetaFlag":0,"m_Level":5},{"m_Type":"SInt32","m_Name":"miss","m_MetaFlag":0,"m_Level":5},{"m_Type":"SInt32","m_Name":"early","m_MetaFlag":0,"m_Level":5},{"m_Type":"SInt32","m_Name":"late","m_MetaFlag":0,"m_Level":5},{"m_Type":"SInt32","m_Name":"maxCombo","m_MetaFlag":0,"m_Level":5},{"m_Type":"List\u00601","m_Name":"noteCodes","m_MetaFlag":0,"m_Level":4},{"m_Type":"Array","m_Name":"Array","m_MetaFlag":0,"m_Level":5},{"m_Type":"int","m_Name":"size","m_MetaFlag":0,"m_Level":6},{"m_Type":"float","m_Name":"data","m_MetaFlag":0,"m_Level":6},{"m_Type":"PPtr\u003CMoneyControl\u003E","m_Name":"moneyControl","m_MetaFlag":0,"m_Level":1},{"m_Type":"int","m_Name":"m_FileID","m_MetaFlag":0,"m_Level":2},{"m_Type":"SInt64","m_Name":"m_PathID","m_MetaFlag":0,"m_Level":2},{"m_Type":"PPtr\u003CGetCollectionControl\u003E","m_Name":"getCollectionControl","m_MetaFlag":0,"m_Level":1},{"m_Type":"int","m_Name":"m_FileID","m_MetaFlag":0,"m_Level":2},{"m_Type":"SInt64","m_Name":"m_PathID","m_MetaFlag":0,"m_Level":2},{"m_Type":"bool","m_Name":"hitFxIsOn","m_MetaFlag":16384,"m_Level":1},{"m_Type":"float","m_Name":"offset","m_MetaFlag":0,"m_Level":1},{"m_Type":"float","m_Name":"speed","m_MetaFlag":0,"m_Level":1},{"m_Type":"float","m_Name":"noteScale","m_MetaFlag":0,"m_Level":1},{"m_Type":"float","m_Name":"HitFXVol","m_MetaFlag":0,"m_Level":1},{"m_Type":"float","m_Name":"SEVol","m_MetaFlag":0,"m_Level":1},{"m_Type":"float","m_Name":"musicVol","m_MetaFlag":0,"m_Level":1},{"m_Type":"float","m_Name":"backgroundAlpha","m_MetaFlag":0,"m_Level":1},{"m_Type":"bool","m_Name":"isLowRes","m_MetaFlag":16384,"m_Level":1},{"m_Type":"Chapter[]","m_Name":"chapters","m_MetaFlag":0,"m_Level":1},{"m_Type":"Array","m_Name":"Array","m_MetaFlag":0,"m_Level":2},{"m_Type":"int","m_Name":"size","m_MetaFlag":0,"m_Level":3},{"m_Type":"Chapter","m_Name":"data","m_MetaFlag":0,"m_Level":3},{"m_Type":"string","m_Name":"chapterCode","m_MetaFlag":0,"m_Level":4},{"m_Type":"Array","m_Name":"Array","m_MetaFlag":16384,"m_Level":5},{"m_Type":"int","m_Name":"size","m_MetaFlag":0,"m_Level":6},{"m_Type":"char","m_Name":"data","m_MetaFlag":0,"m_Level":6},{"m_Type":"ChapterSongInfo","m_Name":"songInfo","m_MetaFlag":0,"m_Level":4},{"m_Type":"string","m_Name":"title","m_MetaFlag":0,"m_Level":5},{"m_Type":"Array","m_Name":"Array","m_MetaFlag":16384,"m_Level":6},{"m_Type":"int","m_Name":"size","m_MetaFlag":0,"m_Level":7},{"m_Type":"char","m_Name":"data","m_MetaFlag":0,"m_Level":7},{"m_Type":"string","m_Name":"subTitle","m_MetaFlag":0,"m_Level":5},{"m_Type":"Array","m_Name":"Array","m_MetaFlag":16384,"m_Level":6},{"m_Type":"int","m_Name":"size","m_MetaFlag":0,"m_Level":7},{"m_Type":"char","m_Name":"data","m_MetaFlag":0,"m_Level":7},{"m_Type":"string","m_Name":"banner","m_MetaFlag":0,"m_Level":5},{"m_Type":"Array","m_Name":"Array","m_MetaFlag":16384,"m_Level":6},{"m_Type":"int","m_Name":"size","m_MetaFlag":0,"m_Level":7},{"m_Type":"char","m_Name":"data","m_MetaFlag":0,"m_Level":7},{"m_Type":"List\u00601","m_Name":"songs","m_MetaFlag":0,"m_Level":5},{"m_Type":"Array","m_Name":"Array","m_MetaFlag":0,"m_Level":6},{"m_Type":"int","m_Name":"size","m_MetaFlag":0,"m_Level":7},{"m_Type":"ChapterSongItem","m_Name":"data","m_MetaFlag":0,"m_Level":7},{"m_Type":"string","m_Name":"songsId","m_MetaFlag":0,"m_Level":8},{"m_Type":"Array","m_Name":"Array","m_MetaFlag":16384,"m_Level":9},{"m_Type":"int","m_Name":"size","m_MetaFlag":0,"m_Level":10},{"m_Type":"char","m_Name":"data","m_MetaFlag":0,"m_Level":10},{"m_Type":"SInt32","m_Name":"unlockType","m_MetaFlag":0,"m_Level":8},{"m_Type":"List\u00601","m_Name":"unlockInfo","m_MetaFlag":0,"m_Level":8},{"m_Type":"Array","m_Name":"Array","m_MetaFlag":0,"m_Level":9},{"m_Type":"int","m_Name":"size","m_MetaFlag":0,"m_Level":10},{"m_Type":"string","m_Name":"data","m_MetaFlag":0,"m_Level":10},{"m_Type":"Array","m_Name":"Array","m_MetaFlag":16384,"m_Level":11},{"m_Type":"int","m_Name":"size","m_MetaFlag":0,"m_Level":12},{"m_Type":"char","m_Name":"data","m_MetaFlag":0,"m_Level":12},{"m_Type":"SInt32","m_Name":"secretType","m_MetaFlag":0,"m_Level":8},{"m_Type":"List\u00601","m_Name":"secretInfo","m_MetaFlag":0,"m_Level":8},{"m_Type":"Array","m_Name":"Array","m_MetaFlag":0,"m_Level":9},{"m_Type":"int","m_Name":"size","m_MetaFlag":0,"m_Level":10},{"m_Type":"string","m_Name":"data","m_MetaFlag":0,"m_Level":10},{"m_Type":"Array","m_Name":"Array","m_MetaFlag":16384,"m_Level":11},{"m_Type":"int","m_Name":"size","m_MetaFlag":0,"m_Level":12},{"m_Type":"char","m_Name":"data","m_MetaFlag":0,"m_Level":12},{"m_Type":"ChapterSelectorUnlockInfo","m_Name":"unlockInfo","m_MetaFlag":0,"m_Level":4},{"m_Type":"SInt32","m_Name":"unlockMode","m_MetaFlag":0,"m_Level":5},{"m_Type":"string","m_Name":"unlockFlag","m_MetaFlag":0,"m_Level":5},{"m_Type":"Array","m_Name":"Array","m_MetaFlag":16384,"m_Level":6},{"m_Type":"int","m_Name":"size","m_MetaFlag":0,"m_Level":7},{"m_Type":"char","m_Name":"data","m_MetaFlag":0,"m_Level":7},{"m_Type":"string","m_Name":"unlockTip","m_MetaFlag":0,"m_Level":5},{"m_Type":"Array","m_Name":"Array","m_MetaFlag":16384,"m_Level":6},{"m_Type":"int","m_Name":"size","m_MetaFlag":0,"m_Level":7},{"m_Type":"char","m_Name":"data","m_MetaFlag":0,"m_Level":7},{"m_Type":"string","m_Name":"fakeCoverFlag","m_MetaFlag":0,"m_Level":5},{"m_Type":"Array","m_Name":"Array","m_MetaFlag":16384,"m_Level":6},{"m_Type":"int","m_Name":"size","m_MetaFlag":0,"m_Level":7},{"m_Type":"char","m_Name":"data","m_MetaFlag":0,"m_Level":7},{"m_Type":"string","m_Name":"fakeCoverCode","m_MetaFlag":0,"m_Level":5},{"m_Type":"Array","m_Name":"Array","m_MetaFlag":16384,"m_Level":6},{"m_Type":"int","m_Name":"size","m_MetaFlag":0,"m_Level":7},{"m_Type":"char","m_Name":"data","m_MetaFlag":0,"m_Level":7},{"m_Type":"string","m_Name":"fakeCoverBlurCode","m_MetaFlag":0,"m_Level":5},{"m_Type":"Array","m_Name":"Array","m_MetaFlag":16384,"m_Level":6},{"m_Type":"int","m_Name":"size","m_MetaFlag":0,"m_Level":7},{"m_Type":"char","m_Name":"data","m_MetaFlag":0,"m_Level":7},{"m_Type":"SongBase","m_Name":"song","m_MetaFlag":0,"m_Level":1},{"m_Type":"List\u00601","m_Name":"mainSongs","m_MetaFlag":0,"m_Level":2},{"m_Type":"Array","m_Name":"Array","m_MetaFlag":0,"m_Level":3},{"m_Type":"int","m_Name":"size","m_MetaFlag":0,"m_Level":4},{"m_Type":"SongsItem","m_Name":"data","m_MetaFlag":0,"m_Level":4},{"m_Type":"string","m_Name":"songsId","m_MetaFlag":0,"m_Level":5},{"m_Type":"Array","m_Name":"Array","m_MetaFlag":16384,"m_Level":6},{"m_Type":"int","m_Name":"size","m_MetaFlag":0,"m_Level":7},{"m_Type":"char","m_Name":"data","m_MetaFlag":0,"m_Level":7},{"m_Type":"string","m_Name":"songsKey","m_MetaFlag":0,"m_Level":5},{"m_Type":"Array","m_Name":"Array","m_MetaFlag":16384,"m_Level":6},{"m_Type":"int","m_Name":"size","m_MetaFlag":0,"m_Level":7},{"m_Type":"char","m_Name":"data","m_MetaFlag":0,"m_Level":7},{"m_Type":"string","m_Name":"songsName","m_MetaFlag":0,"m_Level":5},{"m_Type":"Array","m_Name":"Array","m_MetaFlag":16384,"m_Level":6},{"m_Type":"int","m_Name":"size","m_MetaFlag":0,"m_Level":7},{"m_Type":"char","m_Name":"data","m_MetaFlag":0,"m_Level":7},{"m_Type":"string","m_Name":"songsTitle","m_MetaFlag":0,"m_Level":5},{"m_Type":"Array","m_Name":"Array","m_MetaFlag":16384,"m_Level":6},{"m_Type":"int","m_Name":"size","m_MetaFlag":0,"m_Level":7},{"m_Type":"char","m_Name":"data","m_MetaFlag":0,"m_Level":7},{"m_Type":"Single[]","m_Name":"difficulty","m_MetaFlag":0,"m_Level":5},{"m_Type":"Array","m_Name":"Array","m_MetaFlag":0,"m_Level":6},{"m_Type":"int","m_Name":"size","m_MetaFlag":0,"m_Level":7},{"m_Type":"float","m_Name":"data","m_MetaFlag":0,"m_Level":7},{"m_Type":"string","m_Name":"illustrator","m_MetaFlag":0,"m_Level":5},{"m_Type":"Array","m_Name":"Array","m_MetaFlag":16384,"m_Level":6},{"m_Type":"int","m_Name":"size","m_MetaFlag":0,"m_Level":7},{"m_Type":"char","m_Name":"data","m_MetaFlag":0,"m_Level":7},{"m_Type":"String[]","m_Name":"charter","m_MetaFlag":0,"m_Level":5},{"m_Type":"Array","m_Name":"Array","m_MetaFlag":0,"m_Level":6},{"m_Type":"int","m_Name":"size","m_MetaFlag":0,"m_Level":7},{"m_Type":"string","m_Name":"data","m_MetaFlag":0,"m_Level":7},{"m_Type":"Array","m_Name":"Array","m_MetaFlag":16384,"m_Level":8},{"m_Type":"int","m_Name":"size","m_MetaFlag":0,"m_Level":9},{"m_Type":"char","m_Name":"data","m_MetaFlag":0,"m_Level":9},{"m_Type":"string","m_Name":"composer","m_MetaFlag":0,"m_Level":5},{"m_Type":"Array","m_Name":"Array","m_MetaFlag":16384,"m_Level":6},{"m_Type":"int","m_Name":"size","m_MetaFlag":0,"m_Level":7},{"m_Type":"char","m_Name":"data","m_MetaFlag":0,"m_Level":7},{"m_Type":"String[]","m_Name":"levels","m_MetaFlag":0,"m_Level":5},{"m_Type":"Array","m_Name":"Array","m_MetaFlag":0,"m_Level":6},{"m_Type":"int","m_Name":"size","m_MetaFlag":0,"m_Level":7},{"m_Type":"string","m_Name":"data","m_MetaFlag":0,"m_Level":7},{"m_Type":"Array","m_Name":"Array","m_MetaFlag":16384,"m_Level":8},{"m_Type":"int","m_Name":"size","m_MetaFlag":0,"m_Level":9},{"m_Type":"char","m_Name":"data","m_MetaFlag":0,"m_Level":9},{"m_Type":"float","m_Name":"previewTime","m_MetaFlag":0,"m_Level":5},{"m_Type":"float","m_Name":"previewEndTime","m_MetaFlag":0,"m_Level":5},{"m_Type":"ChartUnlock[]","m_Name":"unlockInfo","m_MetaFlag":0,"m_Level":5},{"m_Type":"Array","m_Name":"Array","m_MetaFlag":0,"m_Level":6},{"m_Type":"int","m_Name":"size","m_MetaFlag":0,"m_Level":7},{"m_Type":"ChartUnlock","m_Name":"data","m_MetaFlag":0,"m_Level":7},{"m_Type":"SInt32","m_Name":"unlockType","m_MetaFlag":0,"m_Level":8},{"m_Type":"List\u00601","m_Name":"unlockInfo","m_MetaFlag":0,"m_Level":8},{"m_Type":"Array","m_Name":"Array","m_MetaFlag":0,"m_Level":9},{"m_Type":"int","m_Name":"size","m_MetaFlag":0,"m_Level":10},{"m_Type":"string","m_Name":"data","m_MetaFlag":0,"m_Level":10},{"m_Type":"Array","m_Name":"Array","m_MetaFlag":16384,"m_Level":11},{"m_Type":"int","m_Name":"size","m_MetaFlag":0,"m_Level":12},{"m_Type":"char","m_Name":"data","m_MetaFlag":0,"m_Level":12},{"m_Type":"List\u00601","m_Name":"levelMods","m_MetaFlag":0,"m_Level":5},{"m_Type":"Array","m_Name":"Array","m_MetaFlag":0,"m_Level":6},{"m_Type":"int","m_Name":"size","m_MetaFlag":0,"m_Level":7},{"m_Type":"LevelMods","m_Name":"data","m_MetaFlag":0,"m_Level":7},{"m_Type":"List\u00601","m_Name":"levelMods","m_MetaFlag":0,"m_Level":8},{"m_Type":"Array","m_Name":"Array","m_MetaFlag":0,"m_Level":9},{"m_Type":"int","m_Name":"size","m_MetaFlag":0,"m_Level":10},{"m_Type":"string","m_Name":"data","m_MetaFlag":0,"m_Level":10},{"m_Type":"Array","m_Name":"Array","m_MetaFlag":16384,"m_Level":11},{"m_Type":"int","m_Name":"size","m_MetaFlag":0,"m_Level":12},{"m_Type":"char","m_Name":"data","m_MetaFlag":0,"m_Level":12},{"m_Type":"bool","m_Name":"isCnLimited","m_MetaFlag":16384,"m_Level":5},{"m_Type":"bool","m_Name":"hasDifferentMusic","m_MetaFlag":16384,"m_Level":5},{"m_Type":"SInt32","m_Name":"differentMusic","m_MetaFlag":0,"m_Level":5},{"m_Type":"SInt32","m_Name":"previewClipDifficulty","m_MetaFlag":0,"m_Level":5},{"m_Type":"bool","m_Name":"hasDifferentCover","m_MetaFlag":16384,"m_Level":5},{"m_Type":"SInt32","m_Name":"differentCover","m_MetaFlag":0,"m_Level":5},{"m_Type":"List\u00601","m_Name":"extraSongs","m_MetaFlag":0,"m_Level":2},{"m_Type":"Array","m_Name":"Array","m_MetaFlag":0,"m_Level":3},{"m_Type":"int","m_Name":"size","m_MetaFlag":0,"m_Level":4},{"m_Type":"SongsItem","m_Name":"data","m_MetaFlag":0,"m_Level":4},{"m_Type":"string","m_Name":"songsId","m_MetaFlag":0,"m_Level":5},{"m_Type":"Array","m_Name":"Array","m_MetaFlag":16384,"m_Level":6},{"m_Type":"int","m_Name":"size","m_MetaFlag":0,"m_Level":7},{"m_Type":"char","m_Name":"data","m_MetaFlag":0,"m_Level":7},{"m_Type":"string","m_Name":"songsKey","m_MetaFlag":0,"m_Level":5},{"m_Type":"Array","m_Name":"Array","m_MetaFlag":16384,"m_Level":6},{"m_Type":"int","m_Name":"size","m_MetaFlag":0,"m_Level":7},{"m_Type":"char","m_Name":"data","m_MetaFlag":0,"m_Level":7},{"m_Type":"string","m_Name":"songsName","m_MetaFlag":0,"m_Level":5},{"m_Type":"Array","m_Name":"Array","m_MetaFlag":16384,"m_Level":6},{"m_Type":"int","m_Name":"size","m_MetaFlag":0,"m_Level":7},{"m_Type":"char","m_Name":"data","m_MetaFlag":0,"m_Level":7},{"m_Type":"string","m_Name":"songsTitle","m_MetaFlag":0,"m_Level":5},{"m_Type":"Array","m_Name":"Array","m_MetaFlag":16384,"m_Level":6},{"m_Type":"int","m_Name":"size","m_MetaFlag":0,"m_Level":7},{"m_Type":"char","m_Name":"data","m_MetaFlag":0,"m_Level":7},{"m_Type":"Single[]","m_Name":"difficulty","m_MetaFlag":0,"m_Level":5},{"m_Type":"Array","m_Name":"Array","m_MetaFlag":0,"m_Level":6},{"m_Type":"int","m_Name":"size","m_MetaFlag":0,"m_Level":7},{"m_Type":"float","m_Name":"data","m_MetaFlag":0,"m_Level":7},{"m_Type":"string","m_Name":"illustrator","m_MetaFlag":0,"m_Level":5},{"m_Type":"Array","m_Name":"Array","m_MetaFlag":16384,"m_Level":6},{"m_Type":"int","m_Name":"size","m_MetaFlag":0,"m_Level":7},{"m_Type":"char","m_Name":"data","m_MetaFlag":0,"m_Level":7},{"m_Type":"String[]","m_Name":"charter","m_MetaFlag":0,"m_Level":5},{"m_Type":"Array","m_Name":"Array","m_MetaFlag":0,"m_Level":6},{"m_Type":"int","m_Name":"size","m_MetaFlag":0,"m_Level":7},{"m_Type":"string","m_Name":"data","m_MetaFlag":0,"m_Level":7},{"m_Type":"Array","m_Name":"Array","m_MetaFlag":16384,"m_Level":8},{"m_Type":"int","m_Name":"size","m_MetaFlag":0,"m_Level":9},{"m_Type":"char","m_Name":"data","m_MetaFlag":0,"m_Level":9},{"m_Type":"string","m_Name":"composer","m_MetaFlag":0,"m_Level":5},{"m_Type":"Array","m_Name":"Array","m_MetaFlag":16384,"m_Level":6},{"m_Type":"int","m_Name":"size","m_MetaFlag":0,"m_Level":7},{"m_Type":"char","m_Name":"data","m_MetaFlag":0,"m_Level":7},{"m_Type":"String[]","m_Name":"levels","m_MetaFlag":0,"m_Level":5},{"m_Type":"Array","m_Name":"Array","m_MetaFlag":0,"m_Level":6},{"m_Type":"int","m_Name":"size","m_MetaFlag":0,"m_Level":7},{"m_Type":"string","m_Name":"data","m_MetaFlag":0,"m_Level":7},{"m_Type":"Array","m_Name":"Array","m_MetaFlag":16384,"m_Level":8},{"m_Type":"int","m_Name":"size","m_MetaFlag":0,"m_Level":9},{"m_Type":"char","m_Name":"data","m_MetaFlag":0,"m_Level":9},{"m_Type":"float","m_Name":"previewTime","m_MetaFlag":0,"m_Level":5},{"m_Type":"float","m_Name":"previewEndTime","m_MetaFlag":0,"m_Level":5},{"m_Type":"ChartUnlock[]","m_Name":"unlockInfo","m_MetaFlag":0,"m_Level":5},{"m_Type":"Array","m_Name":"Array","m_MetaFlag":0,"m_Level":6},{"m_Type":"int","m_Name":"size","m_MetaFlag":0,"m_Level":7},{"m_Type":"ChartUnlock","m_Name":"data","m_MetaFlag":0,"m_Level":7},{"m_Type":"SInt32","m_Name":"unlockType","m_MetaFlag":0,"m_Level":8},{"m_Type":"List\u00601","m_Name":"unlockInfo","m_MetaFlag":0,"m_Level":8},{"m_Type":"Array","m_Name":"Array","m_MetaFlag":0,"m_Level":9},{"m_Type":"int","m_Name":"size","m_MetaFlag":0,"m_Level":10},{"m_Type":"string","m_Name":"data","m_MetaFlag":0,"m_Level":10},{"m_Type":"Array","m_Name":"Array","m_MetaFlag":16384,"m_Level":11},{"m_Type":"int","m_Name":"size","m_MetaFlag":0,"m_Level":12},{"m_Type":"char","m_Name":"data","m_MetaFlag":0,"m_Level":12},{"m_Type":"List\u00601","m_Name":"levelMods","m_MetaFlag":0,"m_Level":5},{"m_Type":"Array","m_Name":"Array","m_MetaFlag":0,"m_Level":6},{"m_Type":"int","m_Name":"size","m_MetaFlag":0,"m_Level":7},{"m_Type":"LevelMods","m_Name":"data","m_MetaFlag":0,"m_Level":7},{"m_Type":"List\u00601","m_Name":"levelMods","m_MetaFlag":0,"m_Level":8},{"m_Type":"Array","m_Name":"Array","m_MetaFlag":0,"m_Level":9},{"m_Type":"int","m_Name":"size","m_MetaFlag":0,"m_Level":10},{"m_Type":"string","m_Name":"data","m_MetaFlag":0,"m_Level":10},{"m_Type":"Array","m_Name":"Array","m_MetaFlag":16384,"m_Level":11},{"m_Type":"int","m_Name":"size","m_MetaFlag":0,"m_Level":12},{"m_Type":"char","m_Name":"data","m_MetaFlag":0,"m_Level":12},{"m_Type":"bool","m_Name":"isCnLimited","m_MetaFlag":16384,"m_Level":5},{"m_Type":"bool","m_Name":"hasDifferentMusic","m_MetaFlag":16384,"m_Level":5},{"m_Type":"SInt32","m_Name":"differentMusic","m_MetaFlag":0,"m_Level":5},{"m_Type":"SInt32","m_Name":"previewClipDifficulty","m_MetaFlag":0,"m_Level":5},{"m_Type":"bool","m_Name":"hasDifferentCover","m_MetaFlag":16384,"m_Level":5},{"m_Type":"SInt32","m_Name":"differentCover","m_MetaFlag":0,"m_Level":5},{"m_Type":"List\u00601","m_Name":"sideStorySongs","m_MetaFlag":0,"m_Level":2},{"m_Type":"Array","m_Name":"Array","m_MetaFlag":0,"m_Level":3},{"m_Type":"int","m_Name":"size","m_MetaFlag":0,"m_Level":4},{"m_Type":"SongsItem","m_Name":"data","m_MetaFlag":0,"m_Level":4},{"m_Type":"string","m_Name":"songsId","m_MetaFlag":0,"m_Level":5},{"m_Type":"Array","m_Name":"Array","m_MetaFlag":16384,"m_Level":6},{"m_Type":"int","m_Name":"size","m_MetaFlag":0,"m_Level":7},{"m_Type":"char","m_Name":"data","m_MetaFlag":0,"m_Level":7},{"m_Type":"string","m_Name":"songsKey","m_MetaFlag":0,"m_Level":5},{"m_Type":"Array","m_Name":"Array","m_MetaFlag":16384,"m_Level":6},{"m_Type":"int","m_Name":"size","m_MetaFlag":0,"m_Level":7},{"m_Type":"char","m_Name":"data","m_MetaFlag":0,"m_Level":7},{"m_Type":"string","m_Name":"songsName","m_MetaFlag":0,"m_Level":5},{"m_Type":"Array","m_Name":"Array","m_MetaFlag":16384,"m_Level":6},{"m_Type":"int","m_Name":"size","m_MetaFlag":0,"m_Level":7},{"m_Type":"char","m_Name":"data","m_MetaFlag":0,"m_Level":7},{"m_Type":"string","m_Name":"songsTitle","m_MetaFlag":0,"m_Level":5},{"m_Type":"Array","m_Name":"Array","m_MetaFlag":16384,"m_Level":6},{"m_Type":"int","m_Name":"size","m_MetaFlag":0,"m_Level":7},{"m_Type":"char","m_Name":"data","m_MetaFlag":0,"m_Level":7},{"m_Type":"Single[]","m_Name":"difficulty","m_MetaFlag":0,"m_Level":5},{"m_Type":"Array","m_Name":"Array","m_MetaFlag":0,"m_Level":6},{"m_Type":"int","m_Name":"size","m_MetaFlag":0,"m_Level":7},{"m_Type":"float","m_Name":"data","m_MetaFlag":0,"m_Level":7},{"m_Type":"string","m_Name":"illustrator","m_MetaFlag":0,"m_Level":5},{"m_Type":"Array","m_Name":"Array","m_MetaFlag":16384,"m_Level":6},{"m_Type":"int","m_Name":"size","m_MetaFlag":0,"m_Level":7},{"m_Type":"char","m_Name":"data","m_MetaFlag":0,"m_Level":7},{"m_Type":"String[]","m_Name":"charter","m_MetaFlag":0,"m_Level":5},{"m_Type":"Array","m_Name":"Array","m_MetaFlag":0,"m_Level":6},{"m_Type":"int","m_Name":"size","m_MetaFlag":0,"m_Level":7},{"m_Type":"string","m_Name":"data","m_MetaFlag":0,"m_Level":7},{"m_Type":"Array","m_Name":"Array","m_MetaFlag":16384,"m_Level":8},{"m_Type":"int","m_Name":"size","m_MetaFlag":0,"m_Level":9},{"m_Type":"char","m_Name":"data","m_MetaFlag":0,"m_Level":9},{"m_Type":"string","m_Name":"composer","m_MetaFlag":0,"m_Level":5},{"m_Type":"Array","m_Name":"Array","m_MetaFlag":16384,"m_Level":6},{"m_Type":"int","m_Name":"size","m_MetaFlag":0,"m_Level":7},{"m_Type":"char","m_Name":"data","m_MetaFlag":0,"m_Level":7},{"m_Type":"String[]","m_Name":"levels","m_MetaFlag":0,"m_Level":5},{"m_Type":"Array","m_Name":"Array","m_MetaFlag":0,"m_Level":6},{"m_Type":"int","m_Name":"size","m_MetaFlag":0,"m_Level":7},{"m_Type":"string","m_Name":"data","m_MetaFlag":0,"m_Level":7},{"m_Type":"Array","m_Name":"Array","m_MetaFlag":16384,"m_Level":8},{"m_Type":"int","m_Name":"size","m_MetaFlag":0,"m_Level":9},{"m_Type":"char","m_Name":"data","m_MetaFlag":0,"m_Level":9},{"m_Type":"float","m_Name":"previewTime","m_MetaFlag":0,"m_Level":5},{"m_Type":"float","m_Name":"previewEndTime","m_MetaFlag":0,"m_Level":5},{"m_Type":"ChartUnlock[]","m_Name":"unlockInfo","m_MetaFlag":0,"m_Level":5},{"m_Type":"Array","m_Name":"Array","m_MetaFlag":0,"m_Level":6},{"m_Type":"int","m_Name":"size","m_MetaFlag":0,"m_Level":7},{"m_Type":"ChartUnlock","m_Name":"data","m_MetaFlag":0,"m_Level":7},{"m_Type":"SInt32","m_Name":"unlockType","m_MetaFlag":0,"m_Level":8},{"m_Type":"List\u00601","m_Name":"unlockInfo","m_MetaFlag":0,"m_Level":8},{"m_Type":"Array","m_Name":"Array","m_MetaFlag":0,"m_Level":9},{"m_Type":"int","m_Name":"size","m_MetaFlag":0,"m_Level":10},{"m_Type":"string","m_Name":"data","m_MetaFlag":0,"m_Level":10},{"m_Type":"Array","m_Name":"Array","m_MetaFlag":16384,"m_Level":11},{"m_Type":"int","m_Name":"size","m_MetaFlag":0,"m_Level":12},{"m_Type":"char","m_Name":"data","m_MetaFlag":0,"m_Level":12},{"m_Type":"List\u00601","m_Name":"levelMods","m_MetaFlag":0,"m_Level":5},{"m_Type":"Array","m_Name":"Array","m_MetaFlag":0,"m_Level":6},{"m_Type":"int","m_Name":"size","m_MetaFlag":0,"m_Level":7},{"m_Type":"LevelMods","m_Name":"data","m_MetaFlag":0,"m_Level":7},{"m_Type":"List\u00601","m_Name":"levelMods","m_MetaFlag":0,"m_Level":8},{"m_Type":"Array","m_Name":"Array","m_MetaFlag":0,"m_Level":9},{"m_Type":"int","m_Name":"size","m_MetaFlag":0,"m_Level":10},{"m_Type":"string","m_Name":"data","m_MetaFlag":0,"m_Level":10},{"m_Type":"Array","m_Name":"Array","m_MetaFlag":16384,"m_Level":11},{"m_Type":"int","m_Name":"size","m_MetaFlag":0,"m_Level":12},{"m_Type":"char","m_Name":"data","m_MetaFlag":0,"m_Level":12},{"m_Type":"bool","m_Name":"isCnLimited","m_MetaFlag":16384,"m_Level":5},{"m_Type":"bool","m_Name":"hasDifferentMusic","m_MetaFlag":16384,"m_Level":5},{"m_Type":"SInt32","m_Name":"differentMusic","m_MetaFlag":0,"m_Level":5},{"m_Type":"SInt32","m_Name":"previewClipDifficulty","m_MetaFlag":0,"m_Level":5},{"m_Type":"bool","m_Name":"hasDifferentCover","m_MetaFlag":16384,"m_Level":5},{"m_Type":"SInt32","m_Name":"differentCover","m_MetaFlag":0,"m_Level":5},{"m_Type":"List\u00601","m_Name":"otherSongs","m_MetaFlag":0,"m_Level":2},{"m_Type":"Array","m_Name":"Array","m_MetaFlag":0,"m_Level":3},{"m_Type":"int","m_Name":"size","m_MetaFlag":0,"m_Level":4},{"m_Type":"SongsItem","m_Name":"data","m_MetaFlag":0,"m_Level":4},{"m_Type":"string","m_Name":"songsId","m_MetaFlag":0,"m_Level":5},{"m_Type":"Array","m_Name":"Array","m_MetaFlag":16384,"m_Level":6},{"m_Type":"int","m_Name":"size","m_MetaFlag":0,"m_Level":7},{"m_Type":"char","m_Name":"data","m_MetaFlag":0,"m_Level":7},{"m_Type":"string","m_Name":"songsKey","m_MetaFlag":0,"m_Level":5},{"m_Type":"Array","m_Name":"Array","m_MetaFlag":16384,"m_Level":6},{"m_Type":"int","m_Name":"size","m_MetaFlag":0,"m_Level":7},{"m_Type":"char","m_Name":"data","m_MetaFlag":0,"m_Level":7},{"m_Type":"string","m_Name":"songsName","m_MetaFlag":0,"m_Level":5},{"m_Type":"Array","m_Name":"Array","m_MetaFlag":16384,"m_Level":6},{"m_Type":"int","m_Name":"size","m_MetaFlag":0,"m_Level":7},{"m_Type":"char","m_Name":"data","m_MetaFlag":0,"m_Level":7},{"m_Type":"string","m_Name":"songsTitle","m_MetaFlag":0,"m_Level":5},{"m_Type":"Array","m_Name":"Array","m_MetaFlag":16384,"m_Level":6},{"m_Type":"int","m_Name":"size","m_MetaFlag":0,"m_Level":7},{"m_Type":"char","m_Name":"data","m_MetaFlag":0,"m_Level":7},{"m_Type":"Single[]","m_Name":"difficulty","m_MetaFlag":0,"m_Level":5},{"m_Type":"Array","m_Name":"Array","m_MetaFlag":0,"m_Level":6},{"m_Type":"int","m_Name":"size","m_MetaFlag":0,"m_Level":7},{"m_Type":"float","m_Name":"data","m_MetaFlag":0,"m_Level":7},{"m_Type":"string","m_Name":"illustrator","m_MetaFlag":0,"m_Level":5},{"m_Type":"Array","m_Name":"Array","m_MetaFlag":16384,"m_Level":6},{"m_Type":"int","m_Name":"size","m_MetaFlag":0,"m_Level":7},{"m_Type":"char","m_Name":"data","m_MetaFlag":0,"m_Level":7},{"m_Type":"String[]","m_Name":"charter","m_MetaFlag":0,"m_Level":5},{"m_Type":"Array","m_Name":"Array","m_MetaFlag":0,"m_Level":6},{"m_Type":"int","m_Name":"size","m_MetaFlag":0,"m_Level":7},{"m_Type":"string","m_Name":"data","m_MetaFlag":0,"m_Level":7},{"m_Type":"Array","m_Name":"Array","m_MetaFlag":16384,"m_Level":8},{"m_Type":"int","m_Name":"size","m_MetaFlag":0,"m_Level":9},{"m_Type":"char","m_Name":"data","m_MetaFlag":0,"m_Level":9},{"m_Type":"string","m_Name":"composer","m_MetaFlag":0,"m_Level":5},{"m_Type":"Array","m_Name":"Array","m_MetaFlag":16384,"m_Level":6},{"m_Type":"int","m_Name":"size","m_MetaFlag":0,"m_Level":7},{"m_Type":"char","m_Name":"data","m_MetaFlag":0,"m_Level":7},{"m_Type":"String[]","m_Name":"levels","m_MetaFlag":0,"m_Level":5},{"m_Type":"Array","m_Name":"Array","m_MetaFlag":0,"m_Level":6},{"m_Type":"int","m_Name":"size","m_MetaFlag":0,"m_Level":7},{"m_Type":"string","m_Name":"data","m_MetaFlag":0,"m_Level":7},{"m_Type":"Array","m_Name":"Array","m_MetaFlag":16384,"m_Level":8},{"m_Type":"int","m_Name":"size","m_MetaFlag":0,"m_Level":9},{"m_Type":"char","m_Name":"data","m_MetaFlag":0,"m_Level":9},{"m_Type":"float","m_Name":"previewTime","m_MetaFlag":0,"m_Level":5},{"m_Type":"float","m_Name":"previewEndTime","m_MetaFlag":0,"m_Level":5},{"m_Type":"ChartUnlock[]","m_Name":"unlockInfo","m_MetaFlag":0,"m_Level":5},{"m_Type":"Array","m_Name":"Array","m_MetaFlag":0,"m_Level":6},{"m_Type":"int","m_Name":"size","m_MetaFlag":0,"m_Level":7},{"m_Type":"ChartUnlock","m_Name":"data","m_MetaFlag":0,"m_Level":7},{"m_Type":"SInt32","m_Name":"unlockType","m_MetaFlag":0,"m_Level":8},{"m_Type":"List\u00601","m_Name":"unlockInfo","m_MetaFlag":0,"m_Level":8},{"m_Type":"Array","m_Name":"Array","m_MetaFlag":0,"m_Level":9},{"m_Type":"int","m_Name":"size","m_MetaFlag":0,"m_Level":10},{"m_Type":"string","m_Name":"data","m_MetaFlag":0,"m_Level":10},{"m_Type":"Array","m_Name":"Array","m_MetaFlag":16384,"m_Level":11},{"m_Type":"int","m_Name":"size","m_MetaFlag":0,"m_Level":12},{"m_Type":"char","m_Name":"data","m_MetaFlag":0,"m_Level":12},{"m_Type":"List\u00601","m_Name":"levelMods","m_MetaFlag":0,"m_Level":5},{"m_Type":"Array","m_Name":"Array","m_MetaFlag":0,"m_Level":6},{"m_Type":"int","m_Name":"size","m_MetaFlag":0,"m_Level":7},{"m_Type":"LevelMods","m_Name":"data","m_MetaFlag":0,"m_Level":7},{"m_Type":"List\u00601","m_Name":"levelMods","m_MetaFlag":0,"m_Level":8},{"m_Type":"Array","m_Name":"Array","m_MetaFlag":0,"m_Level":9},{"m_Type":"int","m_Name":"size","m_MetaFlag":0,"m_Level":10},{"m_Type":"string","m_Name":"data","m_MetaFlag":0,"m_Level":10},{"m_Type":"Array","m_Name":"Array","m_MetaFlag":16384,"m_Level":11},{"m_Type":"int","m_Name":"size","m_MetaFlag":0,"m_Level":12},{"m_Type":"char","m_Name":"data","m_MetaFlag":0,"m_Level":12},{"m_Type":"bool","m_Name":"isCnLimited","m_MetaFlag":16384,"m_Level":5},{"m_Type":"bool","m_Name":"hasDifferentMusic","m_MetaFlag":16384,"m_Level":5},{"m_Type":"SInt32","m_Name":"differentMusic","m_MetaFlag":0,"m_Level":5},{"m_Type":"SInt32","m_Name":"previewClipDifficulty","m_MetaFlag":0,"m_Level":5},{"m_Type":"bool","m_Name":"hasDifferentCover","m_MetaFlag":16384,"m_Level":5},{"m_Type":"SInt32","m_Name":"differentCover","m_MetaFlag":0,"m_Level":5},{"m_Type":"List\u00601","m_Name":"keyStore","m_MetaFlag":0,"m_Level":1},{"m_Type":"Array","m_Name":"Array","m_MetaFlag":0,"m_Level":2},{"m_Type":"int","m_Name":"size","m_MetaFlag":0,"m_Level":3},{"m_Type":"Key","m_Name":"data","m_MetaFlag":0,"m_Level":3},{"m_Type":"string","m_Name":"keyName","m_MetaFlag":0,"m_Level":4},{"m_Type":"Array","m_Name":"Array","m_MetaFlag":16384,"m_Level":5},{"m_Type":"int","m_Name":"size","m_MetaFlag":0,"m_Level":6},{"m_Type":"char","m_Name":"data","m_MetaFlag":0,"m_Level":6},{"m_Type":"SInt32","m_Name":"unlockedTimes","m_MetaFlag":0,"m_Level":4},{"m_Type":"SInt32","m_Name":"kindOfKey","m_MetaFlag":0,"m_Level":4},{"m_Type":"SInt32","m_Name":"unlockTimes","m_MetaFlag":0,"m_Level":4},{"m_Type":"List\u00601","m_Name":"songAllCombos","m_MetaFlag":0,"m_Level":1},{"m_Type":"Array","m_Name":"Array","m_MetaFlag":0,"m_Level":2},{"m_Type":"int","m_Name":"size","m_MetaFlag":0,"m_Level":3},{"m_Type":"SongAllComboBase","m_Name":"data","m_MetaFlag":0,"m_Level":3},{"m_Type":"string","m_Name":"songsId","m_MetaFlag":0,"m_Level":4},{"m_Type":"Array","m_Name":"Array","m_MetaFlag":16384,"m_Level":5},{"m_Type":"int","m_Name":"size","m_MetaFlag":0,"m_Level":6},{"m_Type":"char","m_Name":"data","m_MetaFlag":0,"m_Level":6},{"m_Type":"Int32[]","m_Name":"allComboNum","m_MetaFlag":0,"m_Level":4},{"m_Type":"Array","m_Name":"Array","m_MetaFlag":0,"m_Level":5},{"m_Type":"int","m_Name":"size","m_MetaFlag":0,"m_Level":6},{"m_Type":"SInt32","m_Name":"data","m_MetaFlag":0,"m_Level":6}],"GetCollectionControl":[{"m_Type":"MonoBehaviour","m_Name":"Base","m_MetaFlag":0,"m_Level":0},{"m_Type":"PPtr\u003CGameObject\u003E","m_Name":"m_GameObject","m_MetaFlag":0,"m_Level":1},{"m_Type":"int","m_Name":"m_FileID","m_MetaFlag":0,"m_Level":2},{"m_Type":"SInt64","m_Name":"m_PathID","m_MetaFlag":0,"m_Level":2},{"m_Type":"UInt8","m_Name":"m_Enabled","m_MetaFlag":16384,"m_Level":1},{"m_Type":"PPtr\u003CMonoScript\u003E","m_Name":"m_Script","m_MetaFlag":0,"m_Level":1},{"m_Type":"int","m_Name":"m_FileID","m_MetaFlag":0,"m_Level":2},{"m_Type":"SInt64","m_Name":"m_PathID","m_MetaFlag":0,"m_Level":2},{"m_Type":"string","m_Name":"m_Name","m_MetaFlag":0,"m_Level":1},{"m_Type":"Array","m_Name":"Array","m_MetaFlag":16384,"m_Level":2},{"m_Type":"int","m_Name":"size","m_MetaFlag":0,"m_Level":3},{"m_Type":"char","m_Name":"data","m_MetaFlag":0,"m_Level":3},{"m_Type":"List\u00601","m_Name":"collectionItems","m_MetaFlag":0,"m_Level":1},{"m_Type":"Array","m_Name":"Array","m_MetaFlag":0,"m_Level":2},{"m_Type":"int","m_Name":"size","m_MetaFlag":0,"m_Level":3},{"m_Type":"CollectionItemIndex","m_Name":"data","m_MetaFlag":0,"m_Level":3},{"m_Type":"SInt32","m_Name":"getSong","m_MetaFlag":0,"m_Level":4},{"m_Type":"SInt32","m_Name":"getType","m_MetaFlag":0,"m_Level":4},{"m_Type":"SInt32","m_Name":"getPower","m_MetaFlag":0,"m_Level":4},{"m_Type":"string","m_Name":"getInfo1","m_MetaFlag":0,"m_Level":4},{"m_Type":"Array","m_Name":"Array","m_MetaFlag":16384,"m_Level":5},{"m_Type":"int","m_Name":"size","m_MetaFlag":0,"m_Level":6},{"m_Type":"char","m_Name":"data","m_MetaFlag":0,"m_Level":6},{"m_Type":"string","m_Name":"getInfo2","m_MetaFlag":0,"m_Level":4},{"m_Type":"Array","m_Name":"Array","m_MetaFlag":16384,"m_Level":5},{"m_Type":"int","m_Name":"size","m_MetaFlag":0,"m_Level":6},{"m_Type":"char","m_Name":"data","m_MetaFlag":0,"m_Level":6},{"m_Type":"string","m_Name":"getInfo3","m_MetaFlag":0,"m_Level":4},{"m_Type":"Array","m_Name":"Array","m_MetaFlag":16384,"m_Level":5},{"m_Type":"int","m_Name":"size","m_MetaFlag":0,"m_Level":6},{"m_Type":"char","m_Name":"data","m_MetaFlag":0,"m_Level":6},{"m_Type":"string","m_Name":"key","m_MetaFlag":0,"m_Level":4},{"m_Type":"Array","m_Name":"Array","m_MetaFlag":16384,"m_Level":5},{"m_Type":"int","m_Name":"size","m_MetaFlag":0,"m_Level":6},{"m_Type":"char","m_Name":"data","m_MetaFlag":0,"m_Level":6},{"m_Type":"SInt32","m_Name":"subIndex","m_MetaFlag":0,"m_Level":4},{"m_Type":"MultiLanguageTextString","m_Name":"multiLanguageTitle","m_MetaFlag":0,"m_Level":4},{"m_Type":"string","m_Name":"code","m_MetaFlag":0,"m_Level":5},{"m_Type":"Array","m_Name":"Array","m_MetaFlag":16384,"m_Level":6},{"m_Type":"int","m_Name":"size","m_MetaFlag":0,"m_Level":7},{"m_Type":"char","m_Name":"data","m_MetaFlag":0,"m_Level":7},{"m_Type":"string","m_Name":"chinese","m_MetaFlag":0,"m_Level":5},{"m_Type":"Array","m_Name":"Array","m_MetaFlag":16384,"m_Level":6},{"m_Type":"int","m_Name":"size","m_MetaFlag":0,"m_Level":7},{"m_Type":"char","m_Name":"data","m_MetaFlag":0,"m_Level":7},{"m_Type":"string","m_Name":"chineseTraditional","m_MetaFlag":0,"m_Level":5},{"m_Type":"Array","m_Name":"Array","m_MetaFlag":16384,"m_Level":6},{"m_Type":"int","m_Name":"size","m_MetaFlag":0,"m_Level":7},{"m_Type":"char","m_Name":"data","m_MetaFlag":0,"m_Level":7},{"m_Type":"string","m_Name":"english","m_MetaFlag":0,"m_Level":5},{"m_Type":"Array","m_Name":"Array","m_MetaFlag":16384,"m_Level":6},{"m_Type":"int","m_Name":"size","m_MetaFlag":0,"m_Level":7},{"m_Type":"char","m_Name":"data","m_MetaFlag":0,"m_Level":7},{"m_Type":"string","m_Name":"japanese","m_MetaFlag":0,"m_Level":5},{"m_Type":"Array","m_Name":"Array","m_MetaFlag":16384,"m_Level":6},{"m_Type":"int","m_Name":"size","m_MetaFlag":0,"m_Level":7},{"m_Type":"char","m_Name":"data","m_MetaFlag":0,"m_Level":7},{"m_Type":"string","m_Name":"korean","m_MetaFlag":0,"m_Level":5},{"m_Type":"Array","m_Name":"Array","m_MetaFlag":16384,"m_Level":6},{"m_Type":"int","m_Name":"size","m_MetaFlag":0,"m_Level":7},{"m_Type":"char","m_Name":"data","m_MetaFlag":0,"m_Level":7},{"m_Type":"List\u00601","m_Name":"avatars","m_MetaFlag":0,"m_Level":1},{"m_Type":"Array","m_Name":"Array","m_MetaFlag":0,"m_Level":2},{"m_Type":"int","m_Name":"size","m_MetaFlag":0,"m_Level":3},{"m_Type":"AvatarInfo","m_Name":"data","m_MetaFlag":0,"m_Level":3},{"m_Type":"SInt32","m_Name":"getSong","m_MetaFlag":0,"m_Level":4},{"m_Type":"SInt32","m_Name":"getType","m_MetaFlag":0,"m_Level":4},{"m_Type":"SInt32","m_Name":"getPower","m_MetaFlag":0,"m_Level":4},{"m_Type":"string","m_Name":"getInfo1","m_MetaFlag":0,"m_Level":4},{"m_Type":"Array","m_Name":"Array","m_MetaFlag":16384,"m_Level":5},{"m_Type":"int","m_Name":"size","m_MetaFlag":0,"m_Level":6},{"m_Type":"char","m_Name":"data","m_MetaFlag":0,"m_Level":6},{"m_Type":"string","m_Name":"getInfo2","m_MetaFlag":0,"m_Level":4},{"m_Type":"Array","m_Name":"Array","m_MetaFlag":16384,"m_Level":5},{"m_Type":"int","m_Name":"size","m_MetaFlag":0,"m_Level":6},{"m_Type":"char","m_Name":"data","m_MetaFlag":0,"m_Level":6},{"m_Type":"string","m_Name":"getInfo3","m_MetaFlag":0,"m_Level":4},{"m_Type":"Array","m_Name":"Array","m_MetaFlag":16384,"m_Level":5},{"m_Type":"int","m_Name":"size","m_MetaFlag":0,"m_Level":6},{"m_Type":"char","m_Name":"data","m_MetaFlag":0,"m_Level":6},{"m_Type":"string","m_Name":"name","m_MetaFlag":0,"m_Level":4},{"m_Type":"Array","m_Name":"Array","m_MetaFlag":16384,"m_Level":5},{"m_Type":"int","m_Name":"size","m_MetaFlag":0,"m_Level":6},{"m_Type":"char","m_Name":"data","m_MetaFlag":0,"m_Level":6},{"m_Type":"string","m_Name":"addressableKey","m_MetaFlag":0,"m_Level":4},{"m_Type":"Array","m_Name":"Array","m_MetaFlag":16384,"m_Level":5},{"m_Type":"int","m_Name":"size","m_MetaFlag":0,"m_Level":6},{"m_Type":"char","m_Name":"data","m_MetaFlag":0,"m_Level":6}],"TipsProvider":[{"m_Type":"MonoBehaviour","m_Name":"Base","m_MetaFlag":0,"m_Level":0},{"m_Type":"PPtr\u003CGameObject\u003E","m_Name":"m_GameObject","m_MetaFlag":0,"m_Level":1},{"m_Type":"int","m_Name":"m_FileID","m_MetaFlag":0,"m_Level":2},{"m_Type":"SInt64","m_Name":"m_PathID","m_MetaFlag":0,"m_Level":2},{"m_Type":"UInt8","m_Name":"m_Enabled","m_MetaFlag":16384,"m_Level":1},{"m_Type":"PPtr\u003CMonoScript\u003E","m_Name":"m_Script","m_MetaFlag":0,"m_Level":1},{"m_Type":"int","m_Name":"m_FileID","m_MetaFlag":0,"m_Level":2},{"m_Type":"SInt64","m_Name":"m_PathID","m_MetaFlag":0,"m_Level":2},{"m_Type":"string","m_Name":"m_Name","m_MetaFlag":0,"m_Level":1},{"m_Type":"Array","m_Name":"Array","m_MetaFlag":16384,"m_Level":2},{"m_Type":"int","m_Name":"size","m_MetaFlag":0,"m_Level":3},{"m_Type":"char","m_Name":"data","m_MetaFlag":0,"m_Level":3},{"m_Type":"List\u00601","m_Name":"tips","m_MetaFlag":0,"m_Level":1},{"m_Type":"Array","m_Name":"Array","m_MetaFlag":0,"m_Level":2},{"m_Type":"int","m_Name":"size","m_MetaFlag":0,"m_Level":3},{"m_Type":"TipsCollection","m_Name":"data","m_MetaFlag":0,"m_Level":3},{"m_Type":"SInt32","m_Name":"language","m_MetaFlag":0,"m_Level":4},{"m_Type":"List\u00601","m_Name":"tips","m_MetaFlag":0,"m_Level":4},{"m_Type":"Array","m_Name":"Array","m_MetaFlag":0,"m_Level":5},{"m_Type":"int","m_Name":"size","m_MetaFlag":0,"m_Level":6},{"m_Type":"string","m_Name":"data","m_MetaFlag":0,"m_Level":6},{"m_Type":"Array","m_Name":"Array","m_MetaFlag":16384,"m_Level":7},{"m_Type":"int","m_Name":"size","m_MetaFlag":0,"m_Level":8},{"m_Type":"char","m_Name":"data","m_MetaFlag":0,"m_Level":8}]}